Time,CH1
-0.0015,-0.0036
-0.0014960474308300395,-0.0036
-0.001492094861660079,-0.004
-0.0014881422924901185,-0.002
-0.0014841897233201582,-0.0028000000000000004
-0.0014802371541501977,-0.0016
-0.0014762845849802372,-0.026000000000000002
-0.0014723320158102767,-0.0044
-0.0014683794466403162,-0.0076
-0.0014644268774703557,-0.0076
-0.0014604743083003952,-0.0004
-0.0014565217391304347,0.0
-0.0014525691699604744,-0.0052
-0.001448616600790514,-0.0048
-0.0014446640316205534,-0.0008
-0.001440711462450593,-0.0032
-0.0014367588932806324,-0.0032
-0.001432806324110672,-0.0076
-0.0014288537549407114,-0.0016
-0.001424901185770751,-0.0028000000000000004
-0.0014209486166007906,-0.004
-0.00141699604743083,-0.0048
-0.0014130434782608696,0.005600000000000001
-0.001409090909090909,-0.005600000000000001
-0.0014051383399209486,-0.005600000000000001
-0.001401185770750988,-0.0004
-0.0013972332015810276,-0.0064
-0.0013932806324110673,-0.0016
-0.0013893280632411068,0.0012
-0.0013853754940711463,-0.008
-0.0013814229249011858,0.0028000000000000004
-0.0013774703557312253,-0.0096
-0.0013735177865612648,0.0052
-0.0013695652173913043,-0.0032
-0.0013656126482213438,0.0036
-0.0013616600790513835,0.0028000000000000004
-0.001357707509881423,0.0
-0.0013537549407114625,-0.0068000000000000005
-0.001349802371541502,0.0024
-0.0013458498023715415,-0.0036
-0.001341897233201581,-0.0044
-0.0013379446640316207,-0.002
-0.0013339920948616602,-0.0076
-0.0013300395256916997,-0.0044
-0.0013260869565217392,0.004
-0.0013221343873517787,0.0008
-0.0013181818181818182,-0.004
-0.0013142292490118577,-0.0076
-0.0013102766798418972,0.004
-0.0013063241106719367,0.0068000000000000005
-0.0013023715415019764,-0.0028000000000000004
-0.0012984189723320159,-0.0004
-0.0012944664031620554,0.0168
-0.0012905138339920949,-0.0032
-0.0012865612648221344,-0.006
-0.0012826086956521739,-0.0064
-0.0012786561264822136,-0.0144
-0.001274703557312253,-0.0068000000000000005
-0.0012707509881422926,-0.0084
-0.001266798418972332,-0.002
-0.0012628458498023716,-0.0024
-0.001258893280632411,-0.006
-0.0012549407114624505,-0.0084
-0.00125098814229249,-0.015600000000000001
-0.0012470355731225295,-0.006
-0.0012430830039525693,-0.0032
-0.0012391304347826087,-0.002
-0.0012351778656126482,-0.005600000000000001
-0.0012312252964426877,-0.0064
-0.0012272727272727272,-0.028399999999999998
-0.0012233201581027667,-0.0128
-0.0012193675889328064,-0.0016
-0.001215415019762846,-0.008
-0.0012114624505928854,-0.008
-0.001207509881422925,-0.008
-0.0012035573122529644,-0.008
-0.001199604743083004,-0.0044
-0.0011956521739130434,-0.008
-0.001191699604743083,-0.0068000000000000005
-0.0011877470355731224,-0.0036
-0.001183794466403162,-0.0064
-0.0011798418972332016,-0.0004
-0.0011758893280632411,-0.0024
-0.0011719367588932806,0.0008
-0.0011679841897233201,-0.006
-0.0011640316205533596,-0.0024
-0.0011600790513833993,-0.0084
-0.0011561264822134388,0.005600000000000001
-0.0011521739130434783,-0.0036
-0.0011482213438735178,0.0068000000000000005
-0.0011442687747035573,-0.0044
-0.0011403162055335968,-0.0012
-0.0011363636363636363,-0.0028000000000000004
-0.0011324110671936758,-0.0032
-0.0011284584980237153,-0.008
-0.0011245059288537548,-0.006
-0.0011205533596837945,-0.004
-0.001116600790513834,-0.0064
-0.0011126482213438735,-0.004
-0.001108695652173913,-0.012
-0.0011047430830039525,-0.0096
-0.0011007905138339922,-0.0068000000000000005
-0.0010968379446640317,-0.0016
-0.0010928853754940712,-0.0076
-0.0010889328063241107,-0.0036
-0.0010849802371541502,-0.0152
-0.0010810276679841897,-0.0068000000000000005
-0.0010770750988142292,-0.0064
-0.0010731225296442687,0.0108
-0.0010691699604743082,-0.0048
-0.0010652173913043477,-0.004
-0.0010612648221343874,0.0188
-0.0010573122529644269,0.0008
-0.0010533596837944664,-0.0048
-0.0010494071146245059,-0.0044
-0.0010454545454545454,0.0116
-0.001041501976284585,-0.0052
-0.0010375494071146246,0.0008
-0.001033596837944664,-0.0104
-0.0010296442687747036,-0.0036
-0.001025691699604743,0.0
-0.0010217391304347826,-0.0008
-0.001017786561264822,-0.0008
-0.0010138339920948616,-0.0012
-0.001009881422924901,-0.0048
-0.0010059288537549406,-0.0004
-0.00100197628458498,-0.0036
-0.0009980237154150198,-0.0008
-0.0009940711462450593,-0.0024
-0.0009901185770750988,-0.006
-0.0009861660079051385,-0.0032
-0.000982213438735178,0.0016
-0.0009782608695652175,0.0048
-0.0009743083003952569,-0.0024
-0.0009703557312252965,-0.0096
-0.000966403162055336,0.0032
-0.0009624505928853755,-0.002
-0.000958498023715415,-0.01
-0.0009545454545454546,0.0004
-0.000950592885375494,-0.0012
-0.0009466403162055335,-0.0092
-0.000942687747035573,-0.0004
-0.0009387351778656126,-0.0016
-0.0009347826086956521,-0.0072
-0.0009308300395256916,-0.0108
-0.0009268774703557312,-0.002
-0.0009229249011857707,-0.0032
-0.0009189723320158102,0.0048
-0.0009150197628458497,-0.002
-0.0009110671936758893,0.0
-0.0009071146245059288,0.0084
-0.0009031620553359683,-0.01
-0.0008992094861660078,-0.008
-0.0008952569169960474,-0.0028000000000000004
-0.0008913043478260869,-0.0016
-0.0008873517786561264,-0.0044
-0.0008833992094861659,-0.0044
-0.0008794466403162055,-0.0124
-0.000875494071146245,0.0152
-0.0008715415019762845,-0.0048
-0.000867588932806324,-0.0104
-0.0008636363636363636,-0.0044
-0.0008596837944664031,0.0016
-0.0008557312252964426,0.0
-0.0008517786561264822,-0.0048
-0.0008478260869565217,-0.004
-0.0008438735177865612,-0.0124
-0.0008399209486166007,-0.0072
-0.0008359683794466403,-0.0076
-0.0008320158102766798,-0.0012
-0.0008280632411067193,-0.002
-0.0008241106719367588,-0.0084
-0.0008201581027667984,-0.0064
-0.0008162055335968379,0.002
-0.0008122529644268774,0.0052
-0.0008083003952569169,-0.0088
-0.0008043478260869565,-0.008
-0.000800395256916996,-0.0048
-0.0007964426877470355,-0.0152
-0.0007924901185770751,-0.0076
-0.0007885375494071146,-0.008
-0.0007845849802371541,-0.004
-0.0007806324110671936,-0.0076
-0.0007766798418972332,0.0368
-0.0007727272727272727,-0.0008
-0.0007687747035573122,-0.0076
-0.0007648221343873517,-0.0076
-0.0007608695652173913,-0.0172
-0.0007569169960474308,-0.0068000000000000005
-0.0007529644268774703,0.0044
-0.0007490118577075098,0.0036
-0.0007450592885375494,-0.005600000000000001
-0.0007411067193675889,-0.0036
-0.0007371541501976284,-0.004
-0.000733201581027668,-0.0104
-0.0007292490118577075,-0.0064
-0.000725296442687747,-0.0028000000000000004
-0.0007213438735177865,-0.008
-0.0007173913043478261,-0.006
-0.0007134387351778656,0.0008
-0.0007094861660079051,-0.011200000000000002
-0.0007055335968379446,0.0064
-0.0007015810276679842,-0.0032
-0.0006976284584980237,-0.0028000000000000004
-0.0006936758893280632,0.0092
-0.0006897233201581027,-0.002
-0.0006857707509881423,-0.0044
-0.0006818181818181818,-0.0024
-0.0006778656126482213,-0.0128
-0.0006739130434782609,-0.0016
-0.0006699604743083004,0.0024
-0.0006660079051383399,-0.006
-0.0006620553359683794,-0.0024
-0.000658102766798419,0.0
-0.0006541501976284585,-0.0044
-0.000650197628458498,-0.0016
-0.0006462450592885374,0.0004
-0.000642292490118577,-0.0044
-0.0006383399209486165,0.0016
-0.000634387351778656,-0.0072
-0.0006304347826086955,0.0
-0.0006264822134387351,-0.0036
-0.0006225296442687746,-0.0048
-0.0006185770750988141,0.0
-0.0006146245059288537,-0.0012
-0.0006106719367588932,-0.0044
-0.0006067193675889327,-0.0032
-0.0006027667984189722,-0.0052
-0.0005988142292490118,-0.0088
-0.0005948616600790513,-0.0052
-0.0005909090909090908,-0.0072
-0.0005869565217391303,-0.0068000000000000005
-0.0005830039525691699,-0.0052
-0.0005790513833992094,0.0004
-0.0005750988142292489,-0.0052
-0.0005711462450592884,0.0016
-0.000567193675889328,-0.0016
-0.0005632411067193675,-0.0028000000000000004
-0.000559288537549407,-0.0012
-0.0005553359683794465,-0.0032
-0.0005513833992094861,-0.0084
-0.0005474308300395256,-0.0008
-0.0005434782608695651,-0.008
-0.0005395256916996047,-0.0068000000000000005
-0.0005355731225296442,-0.0004
-0.0005316205533596837,-0.0032
-0.0005276679841897232,-0.0052
-0.0005237154150197628,0.0016
-0.0005197628458498023,-0.0068000000000000005
-0.0005158102766798418,-0.0108
-0.0005118577075098813,-0.0004
-0.0005079051383399208,0.0028000000000000004
-0.0005039525691699603,-0.0024
-0.0005,-0.0068000000000000005
-0.0004960474308300395,-0.0016
-0.000492094861660079,-0.0088
-0.0004881422924901185,0.002
-0.000484189723320158,-0.0064
-0.0004802371541501975,-0.0068000000000000005
-0.000476284584980237,-0.0072
-0.0004723320158102767,-0.0016
-0.0004683794466403162,-0.0072
-0.0004644268774703557,-0.012
-0.0004604743083003952,0.0092
-0.0004565217391304347,0.0
-0.0004525691699604742,-0.0108
-0.0004486166007905137,-0.005600000000000001
-0.0004446640316205532,0.028399999999999998
-0.0004407114624505929,-0.0048
-0.0004367588932806324,-0.0024
-0.0004328063241106719,-0.0024
-0.0004288537549407114,-0.0036
-0.0004249011857707509,-0.008
-0.0004209486166007904,-0.0044
-0.00041699604743082987,-0.0004
-0.0004130434782608696,-0.0032
-0.0004090909090909091,-0.0036
-0.0004051383399209486,-0.0128
-0.00040118577075098807,-0.002
-0.00039723320158102757,-0.0132
-0.00039328063241106707,-0.005600000000000001
-0.00038932806324110656,0.0004
-0.00038537549407114606,-0.0064
-0.00038142292490118577,0.006
-0.00037747035573122527,0.011200000000000002
-0.00037351778656126476,-0.0076
-0.00036956521739130426,-0.0028000000000000004
-0.00036561264822134376,-0.0072
-0.00036166007905138325,-0.0032
-0.00035770750988142275,0.002
-0.00035375494071146246,-0.0108
-0.00034980237154150196,-0.0032
-0.00034584980237154146,-0.0064
-0.00034189723320158095,0.006
-0.00033794466403162045,-0.0068000000000000005
-0.00033399209486165995,-0.0044
-0.00033003952569169944,-0.0044
-0.00032608695652173894,0.0084
-0.00032213438735177865,-0.0028000000000000004
-0.00031818181818181815,-0.0004
-0.00031422924901185765,-0.0108
-0.00031027667984189714,-0.0036
-0.00030632411067193664,0.0076
-0.00030237154150197613,-0.0032
-0.00029841897233201563,0.006
-0.00029446640316205534,-0.0064
-0.00029051383399209484,0.0012
-0.00028656126482213434,0.004
-0.00028260869565217383,-0.0028000000000000004
-0.00027865612648221333,-0.004
-0.0002747035573122528,0.0104
-0.0002707509881422923,-0.0132
-0.0002667984189723318,-0.0036
-0.00026284584980237153,-0.0096
-0.00025889328063241103,-0.002
-0.0002549407114624505,0.0024
-0.00025098814229249,-0.0004
-0.0002470355731225295,-0.0008
-0.00024308300395256902,-0.0028000000000000004
-0.0002391304347826085,-0.0004
-0.000235177865612648,-0.0048
-0.00023122529644268772,-0.0068000000000000005
-0.00022727272727272722,-0.0048
-0.00022332015810276671,-0.0032
-0.0002193675889328062,-0.0052
-0.0002154150197628457,-0.0064
-0.0002114624505928852,0.0172
-0.0002075098814229247,-0.0068000000000000005
-0.00020355731225296441,-0.0016
-0.0001996047430830039,-0.0048
-0.0001956521739130434,-0.002
-0.0001916996047430829,0.0072
-0.0001877470355731224,-0.0048
-0.0001837944664031619,-0.0036
-0.0001798418972332014,-0.005600000000000001
-0.0001758893280632409,-0.0028000000000000004
-0.0001719367588932806,0.0012
-0.0001679841897233201,-0.0012
-0.0001640316205533596,-0.01
-0.0001600790513833991,0.008
-0.0001561264822134386,-0.0044
-0.00015217391304347808,0.0016
-0.00014822134387351758,-0.004
-0.0001442687747035573,-0.0032
-0.0001403162055335968,-0.0016
-0.0001363636363636363,0.0032
-0.00013241106719367578,-0.0076
-0.00012845849802371528,-0.0076
-0.00012450592885375478,-0.0012
-0.00012055335968379427,-0.0076
-0.00011660079051383377,-0.004
-0.00011264822134387348,-0.005600000000000001
-0.00010869565217391298,-0.0088
-0.00010474308300395248,-0.0052
-0.00010079051383399197,-0.0024
-9.683794466403147e-05,0.0012
-9.288537549407097e-05,-0.0088
-8.893280632411046e-05,0.0024
-8.498023715415018e-05,0.0004
-8.102766798418967e-05,-0.0104
-7.707509881422917e-05,-0.014000000000000002
-7.312252964426866e-05,-0.002
-6.916996047430816e-05,-0.002
-6.521739130434766e-05,0.0032
-6.126482213438715e-05,0.0024
-5.731225296442665e-05,0.0172
-5.3359683794466364e-05,0.0012
-4.940711462450586e-05,0.002
-4.545454545454536e-05,-0.004
-4.1501976284584853e-05,-0.0012
-3.754940711462435e-05,0.0
-3.3596837944663846e-05,-0.0016
-2.9644268774703343e-05,0.0024
-2.5691699604743056e-05,-0.0268
-2.1739130434782553e-05,0.0004
-1.778656126482205e-05,0.0028000000000000004
-1.3833992094861546e-05,0.0012
-9.881422924901042e-06,0.0028000000000000004
-5.9288537549405385e-06,-0.006
-1.976284584980035e-06,-0.0044
1.9762845849804686e-06,-0.0044
5.928853754940755e-06,-0.0028000000000000004
9.881422924901259e-06,-0.006
1.3833992094861762e-05,-0.006
1.7786561264822266e-05,0.0004
2.173913043478277e-05,-0.0092
2.5691699604743273e-05,-0.002
2.9644268774703776e-05,-0.0036
3.359683794466406e-05,0.0028000000000000004
3.754940711462457e-05,0.0012
4.150197628458507e-05,-0.0096
4.5454545454545574e-05,-0.0128
4.940711462450608e-05,-0.0072
5.335968379446658e-05,-0.0024
5.7312252964427084e-05,0.0
6.126482213438759e-05,-0.002
6.521739130434787e-05,0.0132
6.916996047430838e-05,-0.0016
7.312252964426888e-05,-0.0032
7.707509881422939e-05,-0.0044
8.102766798418989e-05,-0.0024
8.498023715415039e-05,-0.0052
8.89328063241109e-05,-0.002
9.288537549407118e-05,-0.004
9.683794466403169e-05,-0.0012
0.00010079051383399219,-0.0008
0.00010474308300395269,-0.0044
0.0001086956521739132,-0.0032
0.0001126482213438737,-0.0048
0.0001166007905138342,-0.0048
0.00012055335968379471,-0.0012
0.000124505928853755,0.0008
0.0001284584980237155,-0.0024
0.000132411067193676,-0.0024
0.0001363636363636365,0.0
0.000140316205533597,0.0132
0.0001442687747035575,-0.005600000000000001
0.00014822134387351802,-0.0004
0.0001521739130434783,-0.004
0.0001561264822134388,0.0144
0.0001600790513833993,-0.002
0.0001640316205533598,-0.005600000000000001
0.00016798418972332032,-0.005600000000000001
0.00017193675889328082,0.0
0.00017588932806324132,-0.0012
0.00017984189723320183,-0.0024
0.0001837944664031621,0.0008
0.00018774703557312262,-0.004
0.00019169960474308312,-0.002
0.00019565217391304362,-0.0012
0.00019960474308300413,-0.0016
0.00020355731225296463,-0.0004
0.00020750988142292513,-0.0012
0.00021146245059288542,-0.0024
0.00021541501976284592,-0.004
0.00021936758893280643,0.0
0.00022332015810276693,0.0288
0.00022727272727272744,-0.0076
0.00023122529644268794,0.0024
0.00023517786561264844,-0.0024
0.00023913043478260895,-0.0024
0.00024308300395256923,0.0048
0.00024703557312252974,-0.0008
0.00025098814229249024,-0.0044
0.00025494071146245074,-0.0016
0.00025889328063241125,0.0008
0.00026284584980237175,0.0004
0.00026679841897233225,0.0
0.00027075098814229254,0.0028000000000000004
0.00027470355731225304,-0.0032
0.00027865612648221355,0.0
0.00028260869565217405,-0.0052
0.00028656126482213455,0.0012
0.00029051383399209506,0.0012
0.00029446640316205556,0.0032
0.00029841897233201607,-0.002
0.00030237154150197635,0.0028000000000000004
0.00030632411067193686,-0.0024
0.00031027667984189736,-0.0044
0.00031422924901185786,0.0044
0.00031818181818181837,0.0
0.00032213438735177887,-0.0004
0.0003260869565217394,-0.0076
0.0003300395256916999,0.0
0.00033399209486166016,-0.0044
0.00033794466403162067,-0.0032
0.00034189723320158117,0.0
0.0003458498023715417,-0.0028000000000000004
0.0003498023715415022,0.0
0.0003537549407114627,-0.0008
0.0003577075098814232,-0.0012
0.00036166007905138347,0.01
0.000365612648221344,-0.0032
0.0003695652173913045,-0.002
0.000373517786561265,-0.0004
0.0003774703557312255,-0.004
0.000381422924901186,-0.0088
0.0003853754940711465,-0.0044
0.000389328063241107,-0.0232
0.0003932806324110673,0.0004
0.0003972332015810278,-0.0096
0.0004011857707509883,-0.0068000000000000005
0.0004051383399209488,0.0268
0.0004090909090909093,-0.002
0.0004130434782608698,0.0016
0.0004169960474308303,0.0
0.0004209486166007906,-0.0168
0.0004249011857707511,-0.0024
0.0004288537549407116,-0.008
0.0004328063241106721,-0.004
0.0004367588932806326,0.0012
0.0004407114624505931,0.0012
0.0004446640316205536,0.0028000000000000004
0.0004486166007905141,0.004
0.0004525691699604744,0.0016
0.0004565217391304349,0.0004
0.0004604743083003954,0.0016
0.0004644268774703559,-0.0048
0.0004683794466403164,0.0008
0.0004723320158102769,-0.0016
0.0004762845849802374,-0.002
0.0004802371541501979,0.002
0.00048418972332015843,0.0012
0.00048814229249011893,-0.0048
0.0004920948616600794,0.0104
0.0004960474308300395,-0.0064
0.0005,0.0008
0.0005039525691699605,-0.0012
0.000507905138339921,-0.0052
0.0005118577075098815,-0.0036
0.000515810276679842,0.0004
0.0005197628458498025,-0.0008
0.000523715415019763,-0.0048
0.0005276679841897235,-0.0024
0.000531620553359684,0.0004
0.0005355731225296445,-0.0036
0.000539525691699605,-0.0052
0.0005434782608695655,0.024399999999999998
0.000547430830039526,-0.0008
0.0005513833992094866,-0.0028000000000000004
0.0005553359683794466,0.0052
0.0005592885375494071,0.002
0.0005632411067193676,-0.0032
0.0005671936758893281,0.0016
0.0005711462450592886,-0.0044
0.0005750988142292491,-0.0032
0.0005790513833992096,0.004
0.0005830039525691702,-0.0016
0.0005869565217391307,0.0072
0.0005909090909090912,-0.0004
0.0005948616600790517,0.0012
0.0005988142292490122,-0.002
0.0006027667984189727,-0.0052
0.0006067193675889332,-0.0004
0.0006106719367588937,0.0072
0.0006146245059288537,0.0008
0.0006185770750988142,-0.0032
0.0006225296442687748,0.0012
0.0006264822134387353,-0.006
0.0006304347826086958,-0.002
0.0006343873517786563,-0.0028000000000000004
0.0006383399209486168,-0.0004
0.0006422924901185773,-0.0012
0.0006462450592885378,-0.006
0.0006501976284584983,0.0004
0.0006541501976284588,0.0
0.0006581027667984193,0.0048
0.0006620553359683798,0.0012
0.0006660079051383403,-0.0004
0.0006699604743083008,-0.0024
0.0006739130434782609,0.002
0.0006778656126482214,-0.0016
0.0006818181818181819,-0.0064
0.0006857707509881424,0.0024
0.0006897233201581029,0.0
0.0006936758893280634,-0.0012
0.0006976284584980239,0.002
0.0007015810276679844,0.0008
0.0007055335968379449,-0.002
0.0007094861660079054,-0.004
0.0007134387351778659,-0.0076
0.0007173913043478264,0.0004
0.0007213438735177869,0.0036
0.0007252964426877474,0.0
0.0007292490118577079,-0.0004
0.000733201581027668,0.0016
0.0007371541501976285,0.004
0.000741106719367589,0.0108
0.0007450592885375495,0.0012
0.00074901185770751,0.0024
0.0007529644268774705,-0.002
0.000756916996047431,-0.0024
0.0007608695652173915,-0.004
0.000764822134387352,-0.0064
0.0007687747035573125,-0.0036
0.000772727272727273,-0.004
0.0007766798418972335,0.0
0.000780632411067194,-0.004
0.0007845849802371545,-0.002
0.000788537549407115,0.0
0.0007924901185770751,0.0044
0.0007964426877470356,-0.002
0.0008003952569169961,-0.0016
0.0008043478260869566,-0.0012
0.0008083003952569171,-0.0052
0.0008122529644268776,-0.002
0.0008162055335968381,-0.0012
0.0008201581027667986,0.0
0.0008241106719367591,0.004
0.0008280632411067196,0.0012
0.0008320158102766801,-0.0036
0.0008359683794466406,0.0016
0.0008399209486166011,-0.002
0.0008438735177865616,0.0004
0.0008478260869565222,-0.0032
0.0008517786561264822,-0.0064
0.0008557312252964427,-0.0016
0.0008596837944664032,0.005600000000000001
0.0008636363636363637,-0.002
0.0008675889328063242,0.0024
0.0008715415019762847,0.0016
0.0008754940711462452,-0.0016
0.0008794466403162057,-0.0008
0.0008833992094861663,-0.0008
0.0008873517786561268,-0.0032
0.0008913043478260873,0.0132
0.0008952569169960478,0.005600000000000001
0.0008992094861660083,-0.0016
0.0009031620553359688,0.0024
0.0009071146245059293,-0.0052
0.0009110671936758893,-0.0084
0.0009150197628458498,-0.0008
0.0009189723320158103,-0.0048
0.0009229249011857709,0.0008
0.0009268774703557314,-0.0032
0.0009308300395256919,-0.0088
0.0009347826086956524,-0.0008
0.0009387351778656129,-0.002
0.0009426877470355734,-0.0064
0.0009466403162055339,-0.0028000000000000004
0.0009505928853754944,-0.0016
0.0009545454545454549,0.0004
0.0009584980237154154,0.0028000000000000004
0.0009624505928853759,0.0008
0.0009664031620553364,0.0
0.0009703557312252965,0.0012
0.000974308300395257,-0.0008
0.0009782608695652175,-0.0072
0.000982213438735178,-0.0032
0.0009861660079051385,0.0012
0.000990118577075099,-0.0256
0.0009940711462450595,-0.0032
0.00099802371541502,-0.0004
0.0010019762845849805,0.0004
0.001005928853754941,-0.006
0.0010098814229249015,0.0052
0.001013833992094862,-0.0004
0.0010177865612648225,0.006
0.001021739130434783,-0.0004
0.0010256916996047435,-0.0024
0.001029644268774704,-0.006
0.001033596837944664,0.0024
0.0010375494071146246,0.005600000000000001
0.001041501976284585,-0.0024
0.0010454545454545456,0.002
0.001049407114624506,-0.002
0.0010533596837944666,-0.0008
0.001057312252964427,0.0012
0.0010612648221343876,0.0
0.0010652173913043481,-0.0004
0.0010691699604743086,-0.0016
0.0010731225296442691,-0.0068000000000000005
0.0010770750988142296,0.0028000000000000004
0.0010810276679841901,-0.0032
0.0010849802371541506,0.004
0.0010889328063241111,0.002
0.0010928853754940712,0.0128
0.0010968379446640317,0.0
0.0011007905138339922,0.0028000000000000004
0.0011047430830039527,0.0012
0.0011086956521739132,0.0044
0.0011126482213438737,0.0032
0.0011166007905138342,-0.0016
0.0011205533596837947,0.002
0.0011245059288537552,-0.0024
0.0011284584980237157,0.0016
0.0011324110671936762,0.0016
0.0011363636363636367,-0.0072
0.0011403162055335972,-0.002
0.0011442687747035577,-0.0008
0.0011482213438735183,0.0012
0.0011521739130434783,-0.0072
0.0011561264822134388,0.0044
0.0011600790513833993,-0.002
0.0011640316205533598,0.0008
0.0011679841897233203,-0.006
0.0011719367588932808,-0.0048
0.0011758893280632413,-0.0132
0.0011798418972332018,-0.0008
0.0011837944664031624,0.0032
0.0011877470355731229,-0.0024
0.0011916996047430834,0.0052
0.0011956521739130439,-0.0004
0.0011996047430830044,0.0004
0.0012035573122529649,-0.0028000000000000004
0.0012075098814229254,-0.0036
0.0012114624505928854,-0.0024
0.001215415019762846,-0.004
0.0012193675889328064,-0.0036
0.001223320158102767,-0.004
0.0012272727272727275,-0.0116
0.001231225296442688,0.0036
0.0012351778656126485,-0.002
0.001239130434782609,0.0028000000000000004
0.0012430830039525695,-0.0084
0.00124703557312253,0.0024
0.0012509881422924905,0.0036
0.001254940711462451,0.006
0.0012588932806324115,0.0004
0.001262845849802372,0.0032
0.0012667984189723325,0.0
0.0012707509881422926,-0.0052
0.001274703557312253,0.0004
0.0012786561264822136,0.0
0.001282608695652174,0.002
0.0012865612648221346,0.0044
0.001290513833992095,-0.0036
0.0012944664031620556,-0.0012
0.001298418972332016,-0.0188
0.0013023715415019766,0.0
0.001306324110671937,-0.0032
0.0013102766798418976,0.0024
0.001314229249011858,-0.002
0.0013181818181818186,0.0008
0.001322134387351779,0.0004
0.0013260869565217396,-0.005600000000000001
0.0013300395256916997,-0.0016
0.0013339920948616602,-0.002
0.0013379446640316207,0.0064
0.0013418972332015812,0.005600000000000001
0.0013458498023715417,0.0048
0.0013498023715415022,-0.0068000000000000005
0.0013537549407114627,-0.0032
0.0013577075098814232,0.0072
0.0013616600790513837,-0.0024
0.0013656126482213442,-0.002
0.0013695652173913047,0.0004
0.0013735177865612652,0.0052
0.0013774703557312257,-0.0012
0.0013814229249011862,0.0032
0.0013853754940711467,-0.0004
0.0013893280632411068,-0.0012
0.0013932806324110673,0.016
0.0013972332015810278,0.0004
0.0014011857707509883,0.002
0.0014051383399209488,-0.0016
0.0014090909090909093,0.0016
0.0014130434782608698,0.0024
0.0014169960474308303,-0.002
0.0014209486166007908,0.0132
0.0014249011857707513,-0.0212
0.0014288537549407118,-0.0016
0.0014328063241106723,-0.006
0.0014367588932806328,0.0012
0.0014407114624505933,-0.0012
0.0014446640316205538,-0.0028000000000000004
0.001448616600790514,0.0036
0.0014525691699604744,-0.002
0.001456521739130435,0.0064
0.0014604743083003954,0.0036
0.001464426877470356,0.0032
0.0014683794466403164,0.0
0.001472332015810277,-0.002
0.0014762845849802374,-0.0064
0.001480237154150198,-0.0008
0.0014841897233201585,0.0072
0.001488142292490119,-0.0064
0.0014920948616600795,-0.0044
0.00149604743083004,-0.0016
0.0015,0.0012
