Time,CH1,CH2
-0.00375,5.4,-2.8
-0.003740118577075099,5.4,-2.8
-0.0037302371541501973,5.4,-2.8
-0.0037203557312252963,5.6,-2.8
-0.0037104743083003953,5.6,-2.8
-0.003700592885375494,5.6,-2.8
-0.0036907114624505927,5.6,-2.8
-0.0036808300395256917,5.6,-2.8
-0.0036709486166007902,5.6,-2.8
-0.003661067193675889,5.6,-2.8
-0.003651185770750988,5.4,-2.6
-0.0036413043478260867,5.4,-2.6
-0.0036314229249011856,5.2,-2.6
-0.0036215415019762846,5.0,-2.4
-0.003611660079051383,4.8,-2.4
-0.003601778656126482,4.6,-2.2
-0.003591897233201581,4.4,-2.2
-0.0035820158102766795,4.2,-2.0
-0.0035721343873517785,4.0,-2.0
-0.0035622529644268775,3.8,-1.8
-0.003552371541501976,3.4,-1.6
-0.003542490118577075,3.2,-1.6
-0.003532608695652174,2.8,-1.4
-0.0035227272727272724,2.6,-1.2
-0.0035128458498023714,2.2,-1.0
-0.0035029644268774703,1.8,-0.8
-0.003493083003952569,1.6,-0.6
-0.003483201581027668,1.2,-0.6
-0.0034733201581027668,1.0,-0.4
-0.0034634387351778653,0.6,-0.2
-0.0034535573122529643,0.2,0.0
-0.0034436758893280632,-0.2,0.2
-0.0034337944664031617,-0.4,0.4
-0.0034239130434782607,-0.8,0.6
-0.0034140316205533597,-1.2,0.8
-0.003404150197628458,-1.6,1.0
-0.003394268774703557,-1.8,1.0
-0.003384387351778656,-2.2,1.2
-0.0033745059288537546,-2.4,1.4
-0.0033646245059288536,-2.8,1.6
-0.0033547430830039525,-3.0,1.6
-0.003344861660079051,-3.4,1.8
-0.00333498023715415,-3.6,2.0
-0.003325098814229249,-3.8,2.0
-0.0033152173913043475,-4.2,2.2
-0.0033053359683794465,-4.4,2.4
-0.0032954545454545454,-4.6,2.4
-0.003285573122529644,-4.6,2.6
-0.003275691699604743,-4.8,2.6
-0.003265810276679842,-5.0,2.6
-0.003255928853754941,-5.2,2.8
-0.0032460474308300393,-5.2,2.8
-0.0032361660079051383,-5.2,2.8
-0.0032262845849802373,-5.4,2.8
-0.003216403162055336,-5.4,2.8
-0.0032065217391304347,-5.4,3.0
-0.0031966403162055337,-5.4,2.8
-0.0031867588932806322,-5.4,2.8
-0.003176877470355731,-5.4,2.8
-0.00316699604743083,-5.4,2.8
-0.0031571146245059287,-5.2,2.8
-0.0031472332015810276,-5.0,2.8
-0.0031373517786561266,-5.0,2.6
-0.003127470355731225,-4.8,2.4
-0.003117588932806324,-4.6,2.6
-0.003107707509881423,-4.4,2.4
-0.0030978260869565215,-4.2,2.2
-0.0030879446640316205,-4.0,2.2
-0.0030780632411067195,-3.8,2.0
-0.003068181818181818,-3.6,1.8
-0.003058300395256917,-3.2,1.6
-0.003048418972332016,-2.8,1.6
-0.0030385375494071144,-2.6,1.4
-0.0030286561264822134,-2.4,1.4
-0.0030187747035573123,-2.0,1.0
-0.003008893280632411,-1.8,1.0
-0.00299901185770751,-1.4,0.8
-0.002989130434782609,-1.0,0.6
-0.0029792490118577073,-0.6,0.4
-0.0029693675889328063,-0.4,0.2
-0.0029594861660079052,0.0,0.0
-0.0029496047430830038,0.4,-0.2
-0.0029397233201581027,0.8,-0.4
-0.0029298418972332017,1.0,-0.4
-0.0029199604743083,1.4,-0.6
-0.002910079051383399,1.8,-0.8
-0.002900197628458498,2.0,-1.0
-0.0028903162055335966,2.4,-1.2
-0.0028804347826086956,2.8,-1.2
-0.0028705533596837945,3.0,-1.4
-0.002860671936758893,3.4,-1.6
-0.002850790513833992,3.6,-1.8
-0.002840909090909091,3.8,-1.8
-0.0028310276679841895,4.0,-2.0
-0.0028211462450592885,4.4,-2.2
-0.0028112648221343874,4.6,-2.2
-0.002801383399209486,4.8,-2.2
-0.002791501976284585,5.0,-2.6
-0.002781620553359684,5.2,-2.4
-0.0027717391304347824,5.2,-2.6
-0.0027618577075098814,5.4,-2.8
-0.0027519762845849803,5.4,-2.8
-0.002742094861660079,5.6,-2.8
-0.002732213438735178,5.6,-2.8
-0.0027223320158102767,5.6,-2.8
-0.0027124505928853753,5.6,-2.8
-0.0027025691699604742,5.6,-2.8
-0.002692687747035573,5.6,-2.8
-0.0026828063241106717,5.6,-2.8
-0.0026729249011857707,5.6,-2.8
-0.0026630434782608696,5.4,-2.6
-0.002653162055335968,5.2,-2.6
-0.002643280632411067,5.2,-2.6
-0.002633399209486166,5.0,-2.4
-0.0026235177865612646,4.8,-2.4
-0.0026136363636363636,4.6,-2.4
-0.0026037549407114625,4.4,-2.2
-0.002593873517786561,4.2,-2.0
-0.00258399209486166,4.0,-2.0
-0.002574110671936759,3.8,-1.8
-0.0025642292490118575,3.4,-1.6
-0.0025543478260869564,3.2,-1.4
-0.0025444664031620554,2.8,-1.4
-0.002534584980237154,2.6,-1.2
-0.002524703557312253,2.2,-1.0
-0.002514822134387352,1.8,-1.0
-0.0025049407114624504,1.6,-0.6
-0.0024950592885375493,1.2,-0.6
-0.0024851778656126483,1.0,-0.4
-0.002475296442687747,0.6,-0.2
-0.0024654150197628458,0.2,0.0
-0.0024555335968379447,-0.2,0.2
-0.0024456521739130432,-0.4,0.4
-0.002435770750988142,-0.8,0.6
-0.002425889328063241,-1.2,0.6
-0.0024160079051383397,-1.4,1.0
-0.0024061264822134386,-1.8,1.0
-0.0023962450592885376,-2.2,1.2
-0.002386363636363636,-2.4,1.4
-0.002376482213438735,-2.8,1.6
-0.002366600790513834,-3.0,1.6
-0.0023567193675889326,-3.4,1.8
-0.0023468379446640315,-3.6,2.0
-0.0023369565217391305,-3.8,2.2
-0.002327075098814229,-4.2,2.2
-0.002317193675889328,-4.4,2.4
-0.002307312252964427,-4.6,2.4
-0.0022974308300395254,-4.6,2.6
-0.0022875494071146244,-4.8,2.6
-0.0022776679841897234,-5.0,2.6
-0.002267786561264822,-5.0,2.6
-0.002257905138339921,-5.2,2.8
-0.00224802371541502,-5.2,2.8
-0.0022381422924901183,-5.4,2.8
-0.0022282608695652173,-5.4,2.8
-0.0022183794466403162,-5.4,2.8
-0.0022084980237154148,-5.4,2.8
-0.0021986166007905137,-5.4,2.8
-0.0021887351778656127,-5.2,2.8
-0.002178853754940711,-5.2,2.8
-0.00216897233201581,-5.2,2.8
-0.002159090909090909,-5.0,2.8
-0.0021492094861660076,-5.0,2.6
-0.0021393280632411066,-4.8,2.6
-0.0021294466403162056,-4.6,2.4
-0.002119565217391304,-4.4,2.4
-0.002109683794466403,-4.2,2.2
-0.002099802371541502,-4.0,2.2
-0.0020899209486166005,-3.8,2.0
-0.0020800395256916995,-3.6,2.0
-0.0020701581027667984,-3.2,1.6
-0.002060276679841897,-3.0,1.6
-0.002050395256916996,-2.6,1.4
-0.002040513833992095,-2.2,1.2
-0.0020306324110671934,-2.0,1.2
-0.0020207509881422924,-1.8,1.0
-0.0020108695652173913,-1.4,0.8
-0.00200098814229249,-1.0,0.6
-0.001991106719367589,-0.8,0.4
-0.0019812252964426878,-0.4,0.2
-0.0019713438735177863,0.0,0.0
-0.0019614624505928852,0.4,-0.2
-0.001951581027667984,0.6,-0.2
-0.0019416996047430827,1.0,-0.4
-0.0019318181818181817,1.4,-0.6
-0.0019219367588932804,1.6,-0.8
-0.0019120553359683792,2.0,-1.0
-0.0019021739130434781,2.4,-1.2
-0.0018922924901185769,2.8,-1.2
-0.0018824110671936756,3.0,-1.4
-0.0018725296442687746,3.2,-1.6
-0.0018626482213438733,3.6,-1.8
-0.001852766798418972,4.0,-1.8
-0.001842885375494071,4.0,-2.0
-0.0018330039525691697,4.4,-2.2
-0.0018231225296442687,4.6,-2.2
-0.0018132411067193674,4.8,-2.4
-0.0018033596837944662,5.0,-2.4
-0.001793478260869565,5.2,-2.4
-0.0017835968379446639,5.2,-2.6
-0.0017737154150197628,5.2,-2.6
-0.0017638339920948614,5.4,-2.8
-0.0017539525691699603,5.6,-2.6
-0.0017440711462450593,5.6,-2.8
-0.0017341897233201578,5.6,-2.8
-0.0017243083003952568,5.6,-2.8
-0.0017144268774703557,5.6,-2.8
-0.0017045454545454542,5.6,-2.8
-0.0016946640316205532,5.6,-2.8
-0.0016847826086956522,5.6,-2.8
-0.0016749011857707507,5.4,-2.6
-0.0016650197628458496,5.2,-2.6
-0.0016551383399209486,5.2,-2.6
-0.0016452569169960471,5.0,-2.4
-0.001635375494071146,4.8,-2.4
-0.001625494071146245,4.6,-2.2
-0.0016156126482213436,4.4,-2.2
-0.0016057312252964425,4.2,-2.0
-0.0015958498023715415,4.0,-1.8
-0.00158596837944664,3.8,-1.8
-0.001576086956521739,3.6,-1.6
-0.001566205533596838,3.2,-1.4
-0.0015563241106719364,2.8,-1.4
-0.0015464426877470354,2.6,-1.2
-0.0015365612648221344,2.2,-1.0
-0.0015266798418972329,1.8,-0.8
-0.0015167984189723318,1.6,-0.6
-0.0015069169960474308,1.2,-0.6
-0.0014970355731225293,1.0,-0.4
-0.0014871541501976283,0.4,-0.2
-0.0014772727272727272,0.2,0.0
-0.0014673913043478258,-0.2,0.2
-0.0014575098814229247,-0.4,0.4
-0.0014476284584980237,-0.8,0.6
-0.0014377470355731222,-1.2,0.8
-0.0014278656126482212,-1.6,1.0
-0.0014179841897233201,-1.8,1.0
-0.0014081027667984186,-2.2,1.2
-0.0013982213438735176,-2.6,1.4
-0.0013883399209486166,-2.8,1.6
-0.001378458498023715,-3.0,1.8
-0.001368577075098814,-3.4,1.8
-0.001358695652173913,-3.6,2.0
-0.0013488142292490115,-4.0,2.0
-0.0013389328063241105,-4.2,2.2
-0.0013290513833992094,-4.4,2.4
-0.001319169960474308,-4.6,2.4
-0.001309288537549407,-4.6,2.6
-0.0012994071146245059,-4.8,2.6
-0.0012895256916996044,-5.0,2.8
-0.0012796442687747034,-5.2,2.8
-0.0012697628458498023,-5.2,2.8
-0.0012598814229249009,-5.2,2.8
-0.0012499999999999998,-5.4,2.8
-0.0012401185770750988,-5.4,2.8
-0.0012302371541501973,-5.4,2.8
-0.0012203557312252962,-5.4,2.8
-0.0012104743083003952,-5.4,3.0
-0.0012005928853754937,-5.2,2.8
-0.0011907114624505927,-5.2,2.8
-0.0011808300395256916,-5.2,2.8
-0.0011709486166007902,-5.0,2.6
-0.0011610671936758891,-4.8,2.6
-0.001151185770750988,-4.8,2.6
-0.0011413043478260866,-4.6,2.4
-0.0011314229249011856,-4.4,2.4
-0.0011215415019762845,-4.2,2.4
-0.001111660079051383,-4.0,2.2
-0.001101778656126482,-3.8,2.0
-0.001091897233201581,-3.6,2.0
-0.0010820158102766795,-3.2,1.6
-0.0010721343873517785,-3.0,1.6
-0.0010622529644268774,-2.6,1.4
-0.001052371541501976,-2.4,1.4
-0.001042490118577075,-2.0,1.2
-0.0010326086956521738,-1.8,1.0
-0.0010227272727272724,-1.4,0.8
-0.0010128458498023713,-1.0,0.6
-0.0010029644268774703,-0.8,0.4
-0.0009930830039525688,-0.2,0.2
-0.0009832015810276678,0.0,0.2
-0.0009733201581027667,0.4,-0.2
-0.0009634387351778653,0.8,-0.2
-0.0009535573122529642,1.0,-0.6
-0.0009436758893280632,1.4,-0.6
-0.0009337944664031617,1.6,-0.8
-0.0009239130434782607,2.0,-1.0
-0.0009140316205533596,2.4,-1.0
-0.0009041501976284581,2.6,-1.2
-0.0008942687747035571,3.0,-1.4
-0.000884387351778656,3.2,-1.6
-0.0008745059288537546,3.6,-1.8
-0.0008646245059288535,3.8,-1.8
-0.0008547430830039525,4.0,-2.0
-0.000844861660079051,4.4,-2.2
-0.00083498023715415,4.6,-2.2
-0.0008250988142292489,4.8,-2.4
-0.0008152173913043475,5.0,-2.6
-0.0008053359683794464,5.0,-2.4
-0.0007954545454545454,5.2,-2.6
-0.0007855731225296439,5.4,-2.6
-0.0007756916996047429,5.4,-2.6
-0.0007658102766798418,5.4,-2.8
-0.0007559288537549403,5.6,-2.8
-0.0007460474308300393,5.6,-2.8
-0.0007361660079051383,5.6,-2.8
-0.0007262845849802368,5.6,-2.8
-0.0007164031620553357,5.6,-2.8
-0.0007065217391304347,5.6,-2.8
-0.0006966403162055332,5.4,-2.8
-0.0006867588932806322,5.4,-2.8
-0.0006768774703557311,5.2,-2.6
-0.0006669960474308297,5.2,-2.4
-0.0006571146245059286,5.0,-2.4
-0.0006472332015810276,4.8,-2.4
-0.0006373517786561261,4.6,-2.2
-0.0006274703557312251,4.4,-2.2
-0.000617588932806324,4.2,-2.0
-0.0006077075098814225,4.0,-2.0
-0.0005978260869565215,3.8,-1.8
-0.0005879446640316205,3.4,-1.6
-0.000578063241106719,3.2,-1.6
-0.0005681818181818179,3.0,-1.4
-0.0005583003952569169,2.6,-1.2
-0.0005484189723320154,2.2,-1.0
-0.0005385375494071144,1.8,-1.0
-0.0005286561264822133,1.6,-0.8
-0.0005187747035573119,1.2,-0.6
-0.0005088932806324108,0.8,-0.2
-0.0004990118577075098,0.6,0.0
-0.0004891304347826083,0.2,0.0
-0.00047924901185770726,-0.2,0.2
-0.0004693675889328062,-0.4,0.4
-0.00045948616600790474,-0.8,0.6
-0.0004496047430830037,-1.2,0.8
-0.00043972332015810266,-1.6,1.0
-0.0004298418972332012,-1.8,1.2
-0.00041996047430830014,-2.2,1.2
-0.0004100790513833991,-2.6,1.4
-0.0004001976284584976,-2.8,1.6
-0.0003903162055335966,-3.0,1.6
-0.00038043478260869554,-3.2,1.8
-0.00037055335968379406,-3.6,2.0
-0.000360671936758893,-3.8,2.0
-0.000350790513833992,-4.2,2.2
-0.0003409090909090905,-4.2,2.4
-0.00033102766798418946,-4.4,2.4
-0.0003211462450592884,-4.6,2.6
-0.00031126482213438694,-4.8,2.6
-0.0003013833992094859,-5.0,2.6
-0.00029150197628458486,-5.2,2.8
-0.0002816205533596834,-5.2,2.8
-0.00027173913043478234,-5.2,2.8
-0.0002618577075098813,-5.4,2.8
-0.0002519762845849798,-5.4,2.8
-0.00024209486166007878,-5.4,3.0
-0.00023221343873517774,-5.4,2.8
-0.00022233201581027626,-5.4,2.8
-0.00021245059288537522,-5.4,2.8
-0.00020256916996047418,-5.2,2.8
-0.0001926877470355727,-5.2,2.8
-0.00018280632411067166,-5.0,2.6
-0.00017292490118577062,-4.8,2.6
-0.00016304347826086914,-4.8,2.6
-0.0001531620553359681,-4.6,2.6
-0.00014328063241106706,-4.4,2.4
-0.00013339920948616558,-4.2,2.2
-0.00012351778656126454,-4.0,2.0
-0.0001136363636363635,-3.8,2.0
-0.00010375494071146203,-3.6,1.8
-9.387351778656098e-05,-3.2,1.8
-8.399209486165994e-05,-3.0,1.6
-7.411067193675847e-05,-2.8,1.4
-6.422924901185742e-05,-2.4,1.2
-5.434782608695638e-05,-2.0,1.0
-4.4466403162054906e-05,-1.6,1.0
-3.4584980237153864e-05,-1.4,0.8
-2.4703557312252822e-05,-1.0,0.6
-1.4822134387351346e-05,-0.6,0.4
-4.940711462450304e-06,-0.4,0.2
4.940711462450738e-06,0.0,0.0
1.4822134387352214e-05,0.4,-0.2
2.4703557312253255e-05,0.6,-0.4
3.45849802371543e-05,1.0,-0.4
4.446640316205577e-05,1.4,-0.6
5.4347826086956815e-05,1.8,-0.8
6.422924901185786e-05,2.0,-1.0
7.41106719367589e-05,2.4,-1.2
8.399209486166037e-05,2.6,-1.4
9.387351778656142e-05,3.0,-1.4
0.00010375494071146246,3.2,-1.6
0.00011363636363636393,3.6,-1.8
0.00012351778656126498,3.8,-1.8
0.00013339920948616602,4.0,-2.0
0.0001432806324110675,4.4,-2.2
0.00015316205533596854,4.6,-2.2
0.00016304347826087,4.8,-2.4
0.00017292490118577062,5.0,-2.4
0.0001828063241106721,5.2,-2.6
0.00019268774703557357,5.2,-2.6
0.00020256916996047418,5.4,-2.6
0.00021245059288537566,5.4,-2.8
0.00022233201581027713,5.4,-2.8
0.00023221343873517774,5.6,-2.8
0.00024209486166007921,5.6,-2.8
0.0002519762845849807,5.8,-2.8
0.0002618577075098813,5.6,-2.8
0.0002717391304347828,5.6,-2.8
0.00028162055335968425,5.6,-2.8
0.00029150197628458486,5.6,-2.8
0.00030138339920948633,5.4,-2.8
0.0003112648221343878,5.4,-2.6
0.0003211462450592884,5.2,-2.6
0.0003310276679841899,5.0,-2.4
0.00034090909090909137,4.8,-2.4
0.000350790513833992,4.6,-2.2
0.00036067193675889345,4.4,-2.2
0.00037055335968379493,4.4,-2.0
0.00038043478260869554,4.0,-2.0
0.000390316205533597,3.8,-1.8
0.0004001976284584985,3.4,-1.6
0.0004100790513833991,3.2,-1.6
0.00041996047430830057,2.8,-1.4
0.00042984189723320205,2.6,-1.2
0.00043972332015810266,2.2,-1.0
0.00044960474308300413,2.0,-0.8
0.0004594861660079056,1.6,-0.6
0.0004693675889328062,1.2,-0.6
0.0004792490118577077,1.0,-0.2
0.0004891304347826092,0.6,-0.2
0.0004990118577075098,0.2,0.0
0.0005088932806324113,-0.2,0.2
0.0005187747035573127,-0.4,0.4
0.0005286561264822133,-0.8,0.6
0.0005385375494071148,-1.2,0.8
0.0005484189723320163,-1.6,1.0
0.0005583003952569169,-1.8,1.0
0.0005681818181818184,-2.2,1.2
0.0005780632411067198,-2.4,1.4
0.0005879446640316205,-2.8,1.6
0.0005978260869565219,-3.0,1.8
0.0006077075098814234,-3.4,1.8
0.000617588932806324,-3.6,2.0
0.0006274703557312255,-4.0,2.2
0.000637351778656127,-4.0,2.2
0.0006472332015810276,-4.2,2.4
0.000657114624505929,-4.6,2.4
0.0006669960474308305,-4.6,2.6
0.0006768774703557311,-4.8,2.6
0.0006867588932806326,-5.0,2.6
0.0006966403162055341,-5.0,2.8
0.0007065217391304347,-5.2,2.8
0.0007164031620553362,-5.4,2.8
0.0007262845849802376,-5.4,2.8
0.0007361660079051383,-5.4,2.8
0.0007460474308300397,-5.4,2.8
0.0007559288537549412,-5.4,2.8
0.0007658102766798418,-5.4,2.8
0.0007756916996047433,-5.4,2.8
0.0007855731225296448,-5.2,2.8
0.0007954545454545454,-5.2,2.8
0.0008053359683794468,-5.0,2.6
0.0008152173913043483,-5.0,2.6
0.0008250988142292489,-4.8,2.6
0.0008349802371541504,-4.6,2.4
0.0008448616600790519,-4.4,2.4
0.0008547430830039525,-4.2,2.2
0.000864624505928854,-4.0,2.2
0.0008745059288537554,-3.8,2.0
0.000884387351778656,-3.4,1.8
0.0008942687747035575,-3.2,1.8
0.000904150197628459,-3.0,1.6
0.0009140316205533596,-2.6,1.4
0.0009239130434782611,-2.4,1.2
0.0009337944664031626,-2.0,1.2
0.0009436758893280632,-1.8,1.0
0.0009535573122529646,-1.4,0.8
0.0009634387351778661,-1.0,0.6
0.0009733201581027667,-0.6,0.4
0.0009832015810276682,-0.4,0.2
0.0009930830039525697,0.0,0.0
0.0010029644268774703,0.4,-0.2
0.0010128458498023718,0.6,-0.2
0.0010227272727272732,1.2,-0.4
0.0010326086956521738,1.4,-0.6
0.0010424901185770753,1.8,-0.8
0.0010523715415019768,2.2,-1.0
0.0010622529644268774,2.4,-1.2
0.0010721343873517789,2.8,-1.2
0.0010820158102766804,3.0,-1.4
0.001091897233201581,3.2,-1.6
0.0011017786561264824,3.6,-1.8
0.001111660079051384,3.8,-2.0
0.0011215415019762845,4.2,-2.0
0.001131422924901186,4.4,-2.2
0.0011413043478260875,4.6,-2.2
0.001151185770750988,4.8,-2.2
0.0011610671936758896,5.0,-2.4
0.001170948616600791,5.0,-2.6
0.0011808300395256916,5.2,-2.6
0.0011907114624505931,5.4,-2.6
0.0012005928853754946,5.4,-2.6
0.0012104743083003952,5.6,-2.8
0.0012203557312252967,5.6,-2.8
0.0012302371541501982,5.6,-2.8
0.0012401185770750988,5.6,-2.8
0.0012500000000000002,5.6,-2.8
0.0012598814229249017,5.6,-2.8
0.0012697628458498023,5.6,-2.8
0.0012796442687747038,5.4,-2.6
0.0012895256916996053,5.4,-2.6
0.0012994071146245059,5.4,-2.6
0.0013092885375494074,5.2,-2.6
0.0013191699604743088,5.0,-2.4
0.0013290513833992094,4.8,-2.4
0.001338932806324111,4.6,-2.2
0.0013488142292490124,4.4,-2.2
0.001358695652173913,4.2,-2.0
0.0013685770750988145,4.0,-1.8
0.001378458498023716,3.8,-1.6
0.0013883399209486166,3.4,-1.6
0.001398221343873518,3.2,-1.6
0.0014081027667984195,2.8,-1.4
0.0014179841897233201,2.6,-1.2
0.0014278656126482216,2.2,-1.0
0.001437747035573123,2.0,-0.8
0.0014476284584980237,1.6,-0.6
0.0014575098814229252,1.2,-0.6
0.0014673913043478266,0.8,-0.4
0.0014772727272727272,0.6,-0.2
0.0014871541501976287,0.2,0.0
0.0014970355731225302,-0.2,0.2
0.0015069169960474308,-0.4,0.4
0.0015167984189723323,-1.0,0.6
0.0015266798418972338,-1.2,0.8
0.0015365612648221344,-1.6,1.0
0.0015464426877470358,-1.8,1.0
0.0015563241106719373,-2.2,1.2
0.001566205533596838,-2.4,1.4
0.0015760869565217394,-2.8,1.6
0.0015859683794466409,-3.0,1.8
0.0015958498023715415,-3.4,1.8
0.001605731225296443,-3.6,2.0
0.0016156126482213444,-3.8,2.2
0.001625494071146245,-4.2,2.2
0.0016353754940711465,-4.4,2.4
0.001645256916996048,-4.6,2.4
0.0016551383399209486,-4.6,2.6
0.00166501976284585,-4.8,2.6
0.0016749011857707516,-5.0,2.8
0.0016847826086956522,-5.2,2.8
0.0016946640316205536,-5.2,2.8
0.0017045454545454551,-5.2,2.8
0.0017144268774703557,-5.4,2.8
0.0017243083003952572,-5.4,2.8
0.0017341897233201587,-5.4,3.0
0.0017440711462450593,-5.4,3.0
0.0017539525691699608,-5.4,2.8
0.0017638339920948622,-5.2,2.8
0.0017737154150197628,-5.2,2.8
0.0017835968379446643,-5.2,2.8
0.0017934782608695658,-5.0,2.6
0.0018033596837944664,-4.8,2.6
0.0018132411067193679,-4.8,2.6
0.0018231225296442694,-4.6,2.4
0.00183300395256917,-4.4,2.4
0.0018428853754940714,-4.2,2.2
0.001852766798418973,-4.0,2.2
0.0018626482213438735,-3.8,2.0
0.001872529644268775,-3.6,1.8
0.0018824110671936765,-3.2,1.8
0.001892292490118577,-3.0,1.6
0.0019021739130434786,-2.6,1.4
0.00191205533596838,-2.2,1.2
0.0019219367588932806,-2.0,1.2
0.0019318181818181821,-1.6,1.0
0.0019416996047430836,-1.4,0.8
0.0019515810276679842,-1.0,0.6
0.0019614624505928857,-0.8,0.4
0.001971343873517787,-0.4,0.2
0.0019812252964426878,0.0,0.0
0.0019911067193675892,0.4,-0.2
0.0020009881422924907,0.6,-0.4
0.0020108695652173913,1.0,-0.6
0.002020750988142293,1.4,-0.6
0.0020306324110671943,1.8,-0.8
0.002040513833992095,2.0,-1.0
0.0020503952569169964,2.4,-1.0
0.002060276679841898,2.6,-1.2
0.0020701581027667984,3.0,-1.4
0.0020800395256917,3.2,-1.6
0.0020899209486166014,3.6,-1.8
0.002099802371541502,3.8,-2.0
0.0021096837944664035,4.2,-2.0
0.002119565217391305,4.4,-2.2
0.0021294466403162056,4.6,-2.2
0.002139328063241107,4.8,-2.4
0.0021492094861660085,4.8,-2.4
0.002159090909090909,5.2,-2.6
0.0021689723320158106,5.2,-2.6
0.002178853754940712,5.4,-2.6
0.0021887351778656127,5.6,-2.6
0.002198616600790514,5.6,-2.8
0.0022084980237154156,5.6,-2.8
0.0022183794466403162,5.6,-2.8
0.0022282608695652177,5.6,-2.8
0.002238142292490119,5.6,-2.8
0.00224802371541502,5.6,-2.8
0.0022579051383399213,5.6,-2.8
0.0022677865612648227,5.6,-2.6
0.0022776679841897234,5.4,-2.6
0.002287549407114625,5.2,-2.6
0.0022974308300395263,5.2,-2.6
0.002307312252964427,5.0,-2.4
0.0023171936758893284,4.8,-2.4
0.00232707509881423,4.6,-2.2
0.0023369565217391305,4.4,-2.2
0.002346837944664032,4.2,-2.0
0.0023567193675889334,4.0,-2.0
0.002366600790513834,3.8,-1.8
0.0023764822134387355,3.6,-1.6
0.002386363636363637,3.2,-1.4
0.0023962450592885376,2.8,-1.4
0.002406126482213439,2.6,-1.2
0.0024160079051383405,2.2,-1.0
0.002425889328063241,2.0,-0.8
0.0024357707509881426,1.6,-0.8
0.002445652173913044,1.2,-0.6
0.0024555335968379447,0.8,-0.4
0.002465415019762846,0.6,-0.2
0.0024752964426877477,0.2,0.0
0.0024851778656126483,-0.2,0.2
0.0024950592885375497,-0.4,0.4
0.0025049407114624512,-0.8,0.6
0.002514822134387352,-1.2,0.8
0.0025247035573122533,-1.6,1.0
0.002534584980237155,-1.8,1.2
0.0025444664031620554,-2.2,1.2
0.002554347826086957,-2.4,1.4
0.0025642292490118583,-2.8,1.6
0.002574110671936759,-3.0,1.6
0.0025839920948616604,-3.4,1.8
0.002593873517786562,-3.6,2.0
0.0026037549407114625,-3.8,2.0
0.002613636363636364,-4.0,2.2
0.0026235177865612655,-4.4,2.4
0.002633399209486166,-4.6,2.4
0.0026432806324110675,-4.6,2.6
0.002653162055335969,-4.8,2.6
0.0026630434782608696,-5.0,2.6
0.002672924901185771,-5.2,2.8
0.0026828063241106726,-5.2,2.8
0.002692687747035573,-5.2,2.8
0.0027025691699604747,-5.4,2.8
0.002712450592885376,-5.4,2.8
0.0027223320158102767,-5.4,2.8
0.0027322134387351782,-5.4,2.8
0.0027420948616600797,-5.4,2.8
0.0027519762845849803,-5.2,2.8
0.002761857707509882,-5.2,2.8
0.0027717391304347833,-5.2,2.8
0.002781620553359684,-5.0,2.8
0.0027915019762845853,-5.0,2.6
0.002801383399209487,-4.8,2.6
0.0028112648221343874,-4.6,2.4
0.002821146245059289,-4.4,2.4
0.0028310276679841904,-4.2,2.2
0.002840909090909091,-4.0,2.2
0.0028507905138339925,-3.8,2.0
0.002860671936758894,-3.6,1.8
0.0028705533596837945,-3.2,1.8
0.002880434782608696,-3.0,1.6
0.0028903162055335975,-2.6,1.4
0.002900197628458498,-2.4,1.4
0.0029100790513833996,-2.0,1.2
0.002919960474308301,-1.6,1.0
0.0029298418972332017,-1.4,0.8
0.002939723320158103,-1.0,0.6
0.0029496047430830046,-0.6,0.4
0.0029594861660079052,-0.4,0.2
0.0029693675889328067,0.0,0.0
0.002979249011857708,0.4,0.0
0.002989130434782609,0.6,-0.4
0.0029990118577075103,1.0,-0.4
0.0030088932806324117,1.4,-0.6
0.0030187747035573123,1.6,-0.8
0.003028656126482214,2.0,-1.0
0.0030385375494071153,2.4,-1.2
0.003048418972332016,2.6,-1.4
0.0030583003952569174,3.0,-1.4
0.003068181818181819,3.2,-1.6
0.0030780632411067195,3.6,-1.8
0.003087944664031621,3.8,-2.0
0.0030978260869565224,4.0,-2.0
0.003107707509881423,4.2,-2.2
0.0031175889328063245,4.6,-2.2
0.003127470355731226,4.8,-2.4
0.0031373517786561266,4.8,-2.4
0.003147233201581028,5.0,-2.6
0.0031571146245059295,5.2,-2.6
0.00316699604743083,5.4,-2.6
0.0031768774703557316,5.4,-2.6
0.003186758893280633,5.6,-2.8
0.0031966403162055337,5.6,-2.8
0.003206521739130435,5.6,-2.8
0.0032164031620553367,5.6,-2.8
0.0032262845849802373,5.6,-2.8
0.0032361660079051387,5.6,-2.8
0.00324604743083004,5.6,-2.8
0.003255928853754941,5.4,-2.8
0.0032658102766798423,5.4,-2.6
0.0032756916996047438,5.2,-2.6
0.0032855731225296444,5.2,-2.6
0.003295454545454546,5.0,-2.4
0.0033053359683794473,4.8,-2.4
0.003315217391304348,4.6,-2.2
0.0033250988142292494,4.4,-2.2
0.003334980237154151,4.2,-2.0
0.0033448616600790515,4.0,-2.0
0.003354743083003953,3.8,-1.8
0.0033646245059288545,3.4,-1.8
0.003374505928853755,3.2,-1.6
0.0033843873517786565,2.8,-1.4
0.003394268774703558,2.6,-1.2
0.0034041501976284586,2.2,-1.0
0.00341403162055336,1.8,-0.8
0.0034239130434782616,1.6,-0.6
0.003433794466403162,1.2,-0.4
0.0034436758893280637,0.8,-0.4
0.003453557312252965,0.6,-0.2
0.0034634387351778657,0.2,0.0
0.003473320158102767,-0.2,0.2
0.0034832015810276687,-0.4,0.4
0.0034930830039525693,-0.8,0.6
0.0035029644268774708,-1.2,0.8
0.0035128458498023723,-1.6,1.0
0.003522727272727273,-1.8,1.0
0.0035326086956521743,-2.2,1.2
0.003542490118577076,-2.4,1.4
0.0035523715415019764,-2.8,1.6
0.003562252964426878,-3.2,1.8
0.0035721343873517794,-3.4,2.0
0.00358201581027668,-3.6,2.0
0.0035918972332015815,-3.8,2.0
0.003601778656126483,-4.2,2.2
0.0036116600790513835,-4.4,2.4
0.003621541501976285,-4.4,2.4
0.0036314229249011865,-4.6,2.6
0.003641304347826087,-4.8,2.6
0.0036511857707509886,-5.0,2.8
0.00366106719367589,-5.0,2.8
0.0036709486166007907,-5.2,2.8
0.003680830039525692,-5.2,2.8
0.0036907114624505936,-5.4,2.8
0.0037005928853754942,-5.4,2.8
0.0037104743083003957,-5.4,2.8
0.003720355731225297,-5.4,2.8
0.0037302371541501978,-5.4,2.8
0.0037401185770750993,-5.4,2.8
0.00375,-5.2,2.8
